Thời gian,Máy in (IP),Trạng Thái,Counter
2026-04-17 14:07:03,192.168.1.75,OK,5913130
2026-04-17 14:07:12,192.168.1.37,No SNMP response received before timeout,
2026-04-17 14:07:23,192.168.1.75,OK,5913130
2026-04-17 14:07:36,192.168.1.150,OK,0
2026-04-17 14:08:15,192.168.1.75,OK,5913130
2026-04-17 14:13:15,192.168.1.2,No SNMP response received before timeout,
2026-04-17 14:13:15,192.168.1.3,No SNMP response received before timeout,
2026-04-17 14:13:15,192.168.1.4,No SNMP response received before timeout,
2026-04-17 14:13:15,192.168.1.5,No SNMP response received before timeout,
2026-04-17 14:13:15,192.168.1.6,No SNMP response received before timeout,
2026-04-17 14:13:15,192.168.1.7,No SNMP response received before timeout,
2026-04-17 14:13:15,192.168.1.8,No SNMP response received before timeout,
2026-04-17 14:13:15,192.168.1.9,No SNMP response received before timeout,
2026-04-17 14:13:15,192.168.1.10,No SNMP response received before timeout,
2026-04-17 14:13:15,192.168.1.11,No SNMP response received before timeout,
2026-04-17 14:13:15,192.168.1.12,No SNMP response received before timeout,
2026-04-17 14:13:15,192.168.1.13,No SNMP response received before timeout,
2026-04-17 14:13:15,192.168.1.14,No SNMP response received before timeout,
2026-04-17 14:13:15,192.168.1.15,No SNMP response received before timeout,
2026-04-17 14:13:15,192.168.1.16,No SNMP response received before timeout,
2026-04-17 14:13:15,192.168.1.17,No SNMP response received before timeout,
2026-04-17 14:13:15,192.168.1.18,No SNMP response received before timeout,
2026-04-17 14:13:15,192.168.1.19,No SNMP response received before timeout,
2026-04-17 14:13:15,192.168.1.20,No SNMP response received before timeout,
2026-04-17 14:13:15,192.168.1.21,No SNMP response received before timeout,
2026-04-17 14:13:15,192.168.1.22,No SNMP response received before timeout,
2026-04-17 14:13:15,192.168.1.23,No SNMP response received before timeout,
2026-04-17 14:13:15,192.168.1.24,No SNMP response received before timeout,
2026-04-17 14:13:15,192.168.1.25,No SNMP response received before timeout,
2026-04-17 14:13:15,192.168.1.26,No SNMP response received before timeout,
2026-04-17 14:13:15,192.168.1.27,No SNMP response received before timeout,
2026-04-17 14:13:15,192.168.1.28,No SNMP response received before timeout,
2026-04-17 14:13:15,192.168.1.29,No SNMP response received before timeout,
2026-04-17 14:13:15,192.168.1.30,No SNMP response received before timeout,
2026-04-17 14:13:15,192.168.1.31,No SNMP response received before timeout,
2026-04-17 14:13:15,192.168.1.32,No SNMP response received before timeout,
2026-04-17 14:13:15,192.168.1.33,No SNMP response received before timeout,
2026-04-17 14:13:15,192.168.1.34,No SNMP response received before timeout,
2026-04-17 14:13:15,192.168.1.35,No SNMP response received before timeout,
2026-04-17 14:13:15,192.168.1.36,No SNMP response received before timeout,
2026-04-17 14:13:15,192.168.1.37,No SNMP response received before timeout,
2026-04-17 14:13:15,192.168.1.38,No SNMP response received before timeout,
2026-04-17 14:13:15,192.168.1.39,No SNMP response received before timeout,
2026-04-17 14:13:15,192.168.1.40,No SNMP response received before timeout,
2026-04-17 14:13:15,192.168.1.41,No SNMP response received before timeout,
2026-04-17 14:13:15,192.168.1.42,No SNMP response received before timeout,
2026-04-17 14:13:15,192.168.1.43,No SNMP response received before timeout,
2026-04-17 14:13:15,192.168.1.44,No SNMP response received before timeout,
2026-04-17 14:13:15,192.168.1.45,No SNMP response received before timeout,
2026-04-17 14:13:15,192.168.1.46,No SNMP response received before timeout,
2026-04-17 14:13:15,192.168.1.47,No SNMP response received before timeout,
2026-04-17 14:13:15,192.168.1.48,No SNMP response received before timeout,
2026-04-17 14:13:15,192.168.1.49,No SNMP response received before timeout,
2026-04-17 14:13:15,192.168.1.50,No SNMP response received before timeout,
2026-04-17 14:13:15,192.168.1.51,No SNMP response received before timeout,
2026-04-17 14:13:15,192.168.1.52,No SNMP response received before timeout,
2026-04-17 14:13:15,192.168.1.53,No SNMP response received before timeout,
2026-04-17 14:13:15,192.168.1.54,No SNMP response received before timeout,
2026-04-17 14:13:15,192.168.1.55,No SNMP response received before timeout,
2026-04-17 14:13:15,192.168.1.56,No SNMP response received before timeout,
2026-04-17 14:13:15,192.168.1.57,No SNMP response received before timeout,
2026-04-17 14:13:15,192.168.1.58,No SNMP response received before timeout,
2026-04-17 14:13:15,192.168.1.59,No SNMP response received before timeout,
2026-04-17 14:13:15,192.168.1.60,No SNMP response received before timeout,
2026-04-17 14:13:15,192.168.1.61,No SNMP response received before timeout,
2026-04-17 14:13:15,192.168.1.62,No SNMP response received before timeout,
2026-04-17 14:13:15,192.168.1.63,No SNMP response received before timeout,
2026-04-17 14:13:15,192.168.1.64,No SNMP response received before timeout,
2026-04-17 14:13:15,192.168.1.65,No SNMP response received before timeout,
2026-04-17 14:13:15,192.168.1.66,No SNMP response received before timeout,
2026-04-17 14:13:15,192.168.1.67,No SNMP response received before timeout,
2026-04-17 14:13:15,192.168.1.68,No SNMP response received before timeout,
2026-04-17 14:13:15,192.168.1.69,No SNMP response received before timeout,
2026-04-17 14:13:15,192.168.1.70,No SNMP response received before timeout,
2026-04-17 14:13:15,192.168.1.71,OK,4532092
2026-04-17 14:13:15,192.168.1.72,No SNMP response received before timeout,
2026-04-17 14:13:15,192.168.1.73,No SNMP response received before timeout,
2026-04-17 14:13:15,192.168.1.74,No SNMP response received before timeout,
2026-04-17 14:13:15,192.168.1.75,OK,5913130
2026-04-17 14:13:15,192.168.1.76,No SNMP response received before timeout,
2026-04-17 14:13:15,192.168.1.77,No SNMP response received before timeout,
2026-04-17 14:13:15,192.168.1.78,No SNMP response received before timeout,
2026-04-17 14:13:15,192.168.1.79,No SNMP response received before timeout,
2026-04-17 14:13:15,192.168.1.80,No SNMP response received before timeout,
2026-04-17 14:13:15,192.168.1.81,No SNMP response received before timeout,
2026-04-17 14:13:15,192.168.1.82,No SNMP response received before timeout,
2026-04-17 14:13:15,192.168.1.83,No SNMP response received before timeout,
2026-04-17 14:13:15,192.168.1.84,No SNMP response received before timeout,
2026-04-17 14:13:15,192.168.1.85,No SNMP response received before timeout,
2026-04-17 14:13:15,192.168.1.86,No SNMP response received before timeout,
2026-04-17 14:13:15,192.168.1.87,No SNMP response received before timeout,
2026-04-17 14:13:15,192.168.1.88,No SNMP response received before timeout,
2026-04-17 14:13:15,192.168.1.89,No SNMP response received before timeout,
2026-04-17 14:13:15,192.168.1.90,No SNMP response received before timeout,
2026-04-17 14:13:15,192.168.1.91,No SNMP response received before timeout,
2026-04-17 14:13:15,192.168.1.92,No SNMP response received before timeout,
2026-04-17 14:13:15,192.168.1.93,No SNMP response received before timeout,
2026-04-17 14:13:15,192.168.1.94,No SNMP response received before timeout,
2026-04-17 14:13:15,192.168.1.95,No SNMP response received before timeout,
2026-04-17 14:13:15,192.168.1.96,No SNMP response received before timeout,
2026-04-17 14:13:15,192.168.1.97,No SNMP response received before timeout,
2026-04-17 14:13:15,192.168.1.98,No SNMP response received before timeout,
2026-04-17 14:13:15,192.168.1.99,No SNMP response received before timeout,
2026-04-17 14:13:15,192.168.1.100,No SNMP response received before timeout,
2026-04-17 14:13:15,192.168.1.101,No SNMP response received before timeout,
2026-04-17 14:13:15,192.168.1.102,No SNMP response received before timeout,
2026-04-17 14:13:15,192.168.1.103,No SNMP response received before timeout,
2026-04-17 14:13:15,192.168.1.104,No SNMP response received before timeout,
2026-04-17 14:13:15,192.168.1.105,No SNMP response received before timeout,
2026-04-17 14:13:15,192.168.1.106,No SNMP response received before timeout,
2026-04-17 14:13:15,192.168.1.107,No SNMP response received before timeout,
2026-04-17 14:13:15,192.168.1.108,No SNMP response received before timeout,
2026-04-17 14:13:15,192.168.1.109,No SNMP response received before timeout,
2026-04-17 14:13:15,192.168.1.110,No SNMP response received before timeout,
2026-04-17 14:13:15,192.168.1.111,No SNMP response received before timeout,
2026-04-17 14:13:15,192.168.1.112,No SNMP response received before timeout,
2026-04-17 14:13:15,192.168.1.113,No SNMP response received before timeout,
2026-04-17 14:13:15,192.168.1.114,No SNMP response received before timeout,
2026-04-17 14:13:15,192.168.1.115,No SNMP response received before timeout,
2026-04-17 14:13:15,192.168.1.116,No SNMP response received before timeout,
2026-04-17 14:13:15,192.168.1.117,No SNMP response received before timeout,
2026-04-17 14:13:15,192.168.1.118,No SNMP response received before timeout,
2026-04-17 14:13:15,192.168.1.119,No SNMP response received before timeout,
2026-04-17 14:13:15,192.168.1.120,No SNMP response received before timeout,
2026-04-17 14:13:15,192.168.1.121,No SNMP response received before timeout,
2026-04-17 14:13:15,192.168.1.122,No SNMP response received before timeout,
2026-04-17 14:13:15,192.168.1.123,No SNMP response received before timeout,
2026-04-17 14:13:15,192.168.1.124,No SNMP response received before timeout,
2026-04-17 14:13:15,192.168.1.125,No SNMP response received before timeout,
2026-04-17 14:13:15,192.168.1.126,No SNMP response received before timeout,
2026-04-17 14:13:15,192.168.1.127,No SNMP response received before timeout,
2026-04-17 14:13:15,192.168.1.128,No SNMP response received before timeout,
2026-04-17 14:13:15,192.168.1.129,No SNMP response received before timeout,
2026-04-17 14:13:15,192.168.1.130,No SNMP response received before timeout,
2026-04-17 14:13:15,192.168.1.131,No SNMP response received before timeout,
2026-04-17 14:13:15,192.168.1.132,No SNMP response received before timeout,
2026-04-17 14:13:15,192.168.1.133,No SNMP response received before timeout,
2026-04-17 14:13:15,192.168.1.134,No SNMP response received before timeout,
2026-04-17 14:13:15,192.168.1.135,No SNMP response received before timeout,
2026-04-17 14:13:15,192.168.1.136,No SNMP response received before timeout,
2026-04-17 14:13:15,192.168.1.137,No SNMP response received before timeout,
2026-04-17 14:13:15,192.168.1.138,No SNMP response received before timeout,
2026-04-17 14:13:15,192.168.1.139,No SNMP response received before timeout,
2026-04-17 14:13:15,192.168.1.140,No SNMP response received before timeout,
2026-04-17 14:13:15,192.168.1.141,No SNMP response received before timeout,
2026-04-17 14:13:15,192.168.1.142,No SNMP response received before timeout,
2026-04-17 14:13:15,192.168.1.143,No SNMP response received before timeout,
2026-04-17 14:13:15,192.168.1.144,No SNMP response received before timeout,
2026-04-17 14:13:15,192.168.1.145,No SNMP response received before timeout,
2026-04-17 14:13:15,192.168.1.146,No SNMP response received before timeout,
2026-04-17 14:13:15,192.168.1.147,No SNMP response received before timeout,
2026-04-17 14:13:15,192.168.1.148,No SNMP response received before timeout,
2026-04-17 14:13:15,192.168.1.149,No SNMP response received before timeout,
2026-04-17 14:13:15,192.168.1.150,OK,0
2026-04-17 14:13:15,192.168.1.151,No SNMP response received before timeout,
2026-04-17 14:13:15,192.168.1.152,No SNMP response received before timeout,
2026-04-17 14:13:15,192.168.1.153,No SNMP response received before timeout,
2026-04-17 14:13:15,192.168.1.154,No SNMP response received before timeout,
2026-04-17 14:13:15,192.168.1.155,No SNMP response received before timeout,
2026-04-17 14:13:15,192.168.1.156,No SNMP response received before timeout,
2026-04-17 14:13:15,192.168.1.157,No SNMP response received before timeout,
2026-04-17 14:13:15,192.168.1.158,No SNMP response received before timeout,
2026-04-17 14:13:15,192.168.1.159,No SNMP response received before timeout,
2026-04-17 14:13:15,192.168.1.160,No SNMP response received before timeout,
2026-04-17 14:13:15,192.168.1.161,No SNMP response received before timeout,
2026-04-17 14:13:15,192.168.1.162,No SNMP response received before timeout,
2026-04-17 14:13:15,192.168.1.163,No SNMP response received before timeout,
2026-04-17 14:13:15,192.168.1.164,No SNMP response received before timeout,
2026-04-17 14:13:15,192.168.1.165,No SNMP response received before timeout,
2026-04-17 14:13:15,192.168.1.166,No SNMP response received before timeout,
2026-04-17 14:13:15,192.168.1.167,No SNMP response received before timeout,
2026-04-17 14:13:15,192.168.1.168,No SNMP response received before timeout,
2026-04-17 14:13:15,192.168.1.169,No SNMP response received before timeout,
2026-04-17 14:13:15,192.168.1.170,No SNMP response received before timeout,
2026-04-17 14:13:15,192.168.1.171,No SNMP response received before timeout,
2026-04-17 14:13:15,192.168.1.172,No SNMP response received before timeout,
2026-04-17 14:13:15,192.168.1.173,No SNMP response received before timeout,
2026-04-17 14:13:15,192.168.1.174,No SNMP response received before timeout,
2026-04-17 14:13:15,192.168.1.175,No SNMP response received before timeout,
2026-04-17 14:13:15,192.168.1.176,No SNMP response received before timeout,
2026-04-17 14:13:15,192.168.1.177,No SNMP response received before timeout,
2026-04-17 14:13:15,192.168.1.178,No SNMP response received before timeout,
2026-04-17 14:13:15,192.168.1.179,No SNMP response received before timeout,
2026-04-17 14:13:15,192.168.1.180,No SNMP response received before timeout,
2026-04-17 14:13:15,192.168.1.181,No SNMP response received before timeout,
2026-04-17 14:13:15,192.168.1.182,No SNMP response received before timeout,
2026-04-17 14:13:15,192.168.1.183,No SNMP response received before timeout,
2026-04-17 14:13:15,192.168.1.184,No SNMP response received before timeout,
2026-04-17 14:13:15,192.168.1.185,No SNMP response received before timeout,
2026-04-17 14:13:15,192.168.1.186,No SNMP response received before timeout,
2026-04-17 14:13:15,192.168.1.187,No SNMP response received before timeout,
2026-04-17 14:13:15,192.168.1.188,No SNMP response received before timeout,
2026-04-17 14:13:15,192.168.1.189,No SNMP response received before timeout,
2026-04-17 14:13:15,192.168.1.190,No SNMP response received before timeout,
2026-04-17 14:13:15,192.168.1.191,No SNMP response received before timeout,
2026-04-17 14:13:15,192.168.1.192,No SNMP response received before timeout,
2026-04-17 14:13:15,192.168.1.193,No SNMP response received before timeout,
2026-04-17 14:13:15,192.168.1.194,No SNMP response received before timeout,
2026-04-17 14:13:15,192.168.1.195,No SNMP response received before timeout,
2026-04-17 14:13:15,192.168.1.196,No SNMP response received before timeout,
2026-04-17 14:13:15,192.168.1.197,No SNMP response received before timeout,
2026-04-17 14:13:15,192.168.1.198,No SNMP response received before timeout,
2026-04-17 14:13:15,192.168.1.199,No SNMP response received before timeout,
2026-04-17 14:13:15,192.168.1.200,No SNMP response received before timeout,
2026-04-17 14:27:44,192.168.1.75,OK,5913196
2026-04-17 14:28:16,192.168.1.75,OK,5913196
2026-04-17 14:28:16,192.168.1.71,OK,4532092
2026-04-17 14:37:25,192.168.1.71,OK,4532092
2026-04-17 14:37:25,192.168.1.75,OK,5913196
2026-04-17 15:15:52,192.168.1.71,OK,4532092
2026-04-17 15:15:52,192.168.1.75,OK,5913303
2026-04-17 15:20:36,192.168.1.212,OK,1697480
2026-04-17 15:23:34,192.168.1.71,OK,4532092
2026-04-17 15:23:34,192.168.1.75,OK,5913315
2026-04-17 15:23:34,192.168.1.212,OK,1697491
2026-04-17 15:57:19,192.168.1.150,noSuchName,
2026-04-17 15:57:19,192.168.1.37,noSuchName,
2026-04-17 15:57:19,192.168.1.75,noSuchName,
2026-04-17 15:57:19,192.168.1.212,noSuchName,
2026-04-17 16:02:15,192.168.1.2,No SNMP response received before timeout,
2026-04-17 16:02:15,192.168.1.3,No SNMP response received before timeout,
2026-04-17 16:02:15,192.168.1.4,No SNMP response received before timeout,
2026-04-17 16:02:15,192.168.1.5,No SNMP response received before timeout,
2026-04-17 16:02:15,192.168.1.6,No SNMP response received before timeout,
2026-04-17 16:02:15,192.168.1.7,No SNMP response received before timeout,
2026-04-17 16:02:15,192.168.1.8,No SNMP response received before timeout,
2026-04-17 16:02:15,192.168.1.9,No SNMP response received before timeout,
2026-04-17 16:02:15,192.168.1.10,No SNMP response received before timeout,
2026-04-17 16:02:15,192.168.1.11,No SNMP response received before timeout,
2026-04-17 16:02:15,192.168.1.12,No SNMP response received before timeout,
2026-04-17 16:02:15,192.168.1.13,No SNMP response received before timeout,
2026-04-17 16:02:15,192.168.1.14,No SNMP response received before timeout,
2026-04-17 16:02:15,192.168.1.15,No SNMP response received before timeout,
2026-04-17 16:02:15,192.168.1.16,No SNMP response received before timeout,
2026-04-17 16:02:15,192.168.1.17,No SNMP response received before timeout,
2026-04-17 16:02:15,192.168.1.18,No SNMP response received before timeout,
2026-04-17 16:02:15,192.168.1.19,No SNMP response received before timeout,
2026-04-17 16:02:15,192.168.1.20,No SNMP response received before timeout,
2026-04-17 16:02:15,192.168.1.21,No SNMP response received before timeout,
2026-04-17 16:02:15,192.168.1.22,No SNMP response received before timeout,
2026-04-17 16:02:15,192.168.1.23,No SNMP response received before timeout,
2026-04-17 16:02:15,192.168.1.24,No SNMP response received before timeout,
2026-04-17 16:02:15,192.168.1.25,No SNMP response received before timeout,
2026-04-17 16:02:15,192.168.1.26,No SNMP response received before timeout,
2026-04-17 16:02:15,192.168.1.27,No SNMP response received before timeout,
2026-04-17 16:02:15,192.168.1.28,No SNMP response received before timeout,
2026-04-17 16:02:15,192.168.1.29,No SNMP response received before timeout,
2026-04-17 16:02:15,192.168.1.30,No SNMP response received before timeout,
2026-04-17 16:02:15,192.168.1.31,No SNMP response received before timeout,
2026-04-17 16:02:15,192.168.1.32,No SNMP response received before timeout,
2026-04-17 16:02:15,192.168.1.33,No SNMP response received before timeout,
2026-04-17 16:02:15,192.168.1.34,No SNMP response received before timeout,
2026-04-17 16:02:15,192.168.1.35,No SNMP response received before timeout,
2026-04-17 16:02:15,192.168.1.36,No SNMP response received before timeout,
2026-04-17 16:02:15,192.168.1.37,noSuchName,
2026-04-17 16:02:15,192.168.1.38,No SNMP response received before timeout,
2026-04-17 16:02:15,192.168.1.39,No SNMP response received before timeout,
2026-04-17 16:02:15,192.168.1.40,No SNMP response received before timeout,
2026-04-17 16:02:15,192.168.1.41,No SNMP response received before timeout,
2026-04-17 16:02:15,192.168.1.42,No SNMP response received before timeout,
2026-04-17 16:02:15,192.168.1.43,No SNMP response received before timeout,
2026-04-17 16:02:15,192.168.1.44,No SNMP response received before timeout,
2026-04-17 16:02:15,192.168.1.45,No SNMP response received before timeout,
2026-04-17 16:02:15,192.168.1.46,No SNMP response received before timeout,
2026-04-17 16:02:15,192.168.1.47,No SNMP response received before timeout,
2026-04-17 16:02:15,192.168.1.48,No SNMP response received before timeout,
2026-04-17 16:02:15,192.168.1.49,No SNMP response received before timeout,
2026-04-17 16:02:15,192.168.1.50,No SNMP response received before timeout,
2026-04-17 16:02:15,192.168.1.51,No SNMP response received before timeout,
2026-04-17 16:02:15,192.168.1.52,No SNMP response received before timeout,
2026-04-17 16:02:15,192.168.1.53,No SNMP response received before timeout,
2026-04-17 16:02:15,192.168.1.54,No SNMP response received before timeout,
2026-04-17 16:02:15,192.168.1.55,No SNMP response received before timeout,
2026-04-17 16:02:15,192.168.1.56,No SNMP response received before timeout,
2026-04-17 16:02:15,192.168.1.57,No SNMP response received before timeout,
2026-04-17 16:02:15,192.168.1.58,No SNMP response received before timeout,
2026-04-17 16:02:15,192.168.1.59,No SNMP response received before timeout,
2026-04-17 16:02:15,192.168.1.60,No SNMP response received before timeout,
2026-04-17 16:02:15,192.168.1.61,No SNMP response received before timeout,
2026-04-17 16:02:15,192.168.1.62,No SNMP response received before timeout,
2026-04-17 16:02:15,192.168.1.63,No SNMP response received before timeout,
2026-04-17 16:02:15,192.168.1.64,No SNMP response received before timeout,
2026-04-17 16:02:15,192.168.1.65,No SNMP response received before timeout,
2026-04-17 16:02:15,192.168.1.66,No SNMP response received before timeout,
2026-04-17 16:02:15,192.168.1.67,No SNMP response received before timeout,
2026-04-17 16:02:15,192.168.1.68,No SNMP response received before timeout,
2026-04-17 16:02:15,192.168.1.69,No SNMP response received before timeout,
2026-04-17 16:02:15,192.168.1.70,No SNMP response received before timeout,
2026-04-17 16:02:15,192.168.1.71,noSuchName,
2026-04-17 16:02:15,192.168.1.72,No SNMP response received before timeout,
2026-04-17 16:02:15,192.168.1.73,No SNMP response received before timeout,
2026-04-17 16:02:15,192.168.1.74,No SNMP response received before timeout,
2026-04-17 16:02:15,192.168.1.75,noSuchName,
2026-04-17 16:02:15,192.168.1.76,No SNMP response received before timeout,
2026-04-17 16:02:15,192.168.1.77,No SNMP response received before timeout,
2026-04-17 16:02:15,192.168.1.78,No SNMP response received before timeout,
2026-04-17 16:02:15,192.168.1.79,No SNMP response received before timeout,
2026-04-17 16:02:15,192.168.1.80,No SNMP response received before timeout,
2026-04-17 16:02:15,192.168.1.81,No SNMP response received before timeout,
2026-04-17 16:02:15,192.168.1.82,No SNMP response received before timeout,
2026-04-17 16:02:15,192.168.1.83,No SNMP response received before timeout,
2026-04-17 16:02:15,192.168.1.84,No SNMP response received before timeout,
2026-04-17 16:02:15,192.168.1.85,No SNMP response received before timeout,
2026-04-17 16:02:15,192.168.1.86,No SNMP response received before timeout,
2026-04-17 16:02:15,192.168.1.87,No SNMP response received before timeout,
2026-04-17 16:02:15,192.168.1.88,No SNMP response received before timeout,
2026-04-17 16:02:15,192.168.1.89,No SNMP response received before timeout,
2026-04-17 16:02:15,192.168.1.90,No SNMP response received before timeout,
2026-04-17 16:02:15,192.168.1.91,No SNMP response received before timeout,
2026-04-17 16:02:15,192.168.1.92,No SNMP response received before timeout,
2026-04-17 16:02:15,192.168.1.93,No SNMP response received before timeout,
2026-04-17 16:02:15,192.168.1.94,No SNMP response received before timeout,
2026-04-17 16:02:15,192.168.1.95,No SNMP response received before timeout,
2026-04-17 16:02:15,192.168.1.96,No SNMP response received before timeout,
2026-04-17 16:02:15,192.168.1.97,No SNMP response received before timeout,
2026-04-17 16:02:15,192.168.1.98,No SNMP response received before timeout,
2026-04-17 16:02:15,192.168.1.99,No SNMP response received before timeout,
2026-04-17 16:02:15,192.168.1.100,No SNMP response received before timeout,
2026-04-17 16:02:15,192.168.1.101,No SNMP response received before timeout,
2026-04-17 16:02:15,192.168.1.102,No SNMP response received before timeout,
2026-04-17 16:02:15,192.168.1.103,No SNMP response received before timeout,
2026-04-17 16:02:15,192.168.1.104,No SNMP response received before timeout,
2026-04-17 16:02:15,192.168.1.105,No SNMP response received before timeout,
2026-04-17 16:02:15,192.168.1.106,No SNMP response received before timeout,
2026-04-17 16:02:15,192.168.1.107,No SNMP response received before timeout,
2026-04-17 16:02:15,192.168.1.108,No SNMP response received before timeout,
2026-04-17 16:02:15,192.168.1.109,No SNMP response received before timeout,
2026-04-17 16:02:15,192.168.1.110,No SNMP response received before timeout,
2026-04-17 16:02:15,192.168.1.111,No SNMP response received before timeout,
2026-04-17 16:02:15,192.168.1.112,No SNMP response received before timeout,
2026-04-17 16:02:15,192.168.1.113,No SNMP response received before timeout,
2026-04-17 16:02:15,192.168.1.114,No SNMP response received before timeout,
2026-04-17 16:02:15,192.168.1.115,No SNMP response received before timeout,
2026-04-17 16:02:15,192.168.1.116,No SNMP response received before timeout,
2026-04-17 16:02:15,192.168.1.117,No SNMP response received before timeout,
2026-04-17 16:02:15,192.168.1.118,No SNMP response received before timeout,
2026-04-17 16:02:15,192.168.1.119,No SNMP response received before timeout,
2026-04-17 16:02:15,192.168.1.120,No SNMP response received before timeout,
2026-04-17 16:02:15,192.168.1.121,No SNMP response received before timeout,
2026-04-17 16:02:15,192.168.1.122,No SNMP response received before timeout,
2026-04-17 16:02:15,192.168.1.123,No SNMP response received before timeout,
2026-04-17 16:02:15,192.168.1.124,No SNMP response received before timeout,
2026-04-17 16:02:15,192.168.1.125,No SNMP response received before timeout,
2026-04-17 16:02:15,192.168.1.126,No SNMP response received before timeout,
2026-04-17 16:02:15,192.168.1.127,No SNMP response received before timeout,
2026-04-17 16:02:15,192.168.1.128,No SNMP response received before timeout,
2026-04-17 16:02:15,192.168.1.129,No SNMP response received before timeout,
2026-04-17 16:02:15,192.168.1.130,No SNMP response received before timeout,
2026-04-17 16:02:15,192.168.1.131,No SNMP response received before timeout,
2026-04-17 16:02:15,192.168.1.132,No SNMP response received before timeout,
2026-04-17 16:02:15,192.168.1.133,No SNMP response received before timeout,
2026-04-17 16:02:15,192.168.1.134,No SNMP response received before timeout,
2026-04-17 16:02:15,192.168.1.135,No SNMP response received before timeout,
2026-04-17 16:02:15,192.168.1.136,No SNMP response received before timeout,
2026-04-17 16:02:15,192.168.1.137,No SNMP response received before timeout,
2026-04-17 16:02:15,192.168.1.138,No SNMP response received before timeout,
2026-04-17 16:02:15,192.168.1.139,No SNMP response received before timeout,
2026-04-17 16:02:15,192.168.1.140,No SNMP response received before timeout,
2026-04-17 16:02:15,192.168.1.141,No SNMP response received before timeout,
2026-04-17 16:02:15,192.168.1.142,No SNMP response received before timeout,
2026-04-17 16:02:15,192.168.1.143,No SNMP response received before timeout,
2026-04-17 16:02:15,192.168.1.144,No SNMP response received before timeout,
2026-04-17 16:02:15,192.168.1.145,No SNMP response received before timeout,
2026-04-17 16:02:15,192.168.1.146,No SNMP response received before timeout,
2026-04-17 16:02:15,192.168.1.147,No SNMP response received before timeout,
2026-04-17 16:02:15,192.168.1.148,No SNMP response received before timeout,
2026-04-17 16:02:15,192.168.1.149,No SNMP response received before timeout,
2026-04-17 16:02:15,192.168.1.150,noSuchName,
2026-04-17 16:02:15,192.168.1.151,No SNMP response received before timeout,
2026-04-17 16:02:15,192.168.1.152,No SNMP response received before timeout,
2026-04-17 16:02:15,192.168.1.153,No SNMP response received before timeout,
2026-04-17 16:02:15,192.168.1.154,No SNMP response received before timeout,
2026-04-17 16:02:15,192.168.1.155,No SNMP response received before timeout,
2026-04-17 16:02:15,192.168.1.156,No SNMP response received before timeout,
2026-04-17 16:02:15,192.168.1.157,No SNMP response received before timeout,
2026-04-17 16:02:15,192.168.1.158,No SNMP response received before timeout,
2026-04-17 16:02:15,192.168.1.159,No SNMP response received before timeout,
2026-04-17 16:02:15,192.168.1.160,No SNMP response received before timeout,
2026-04-17 16:02:15,192.168.1.161,No SNMP response received before timeout,
2026-04-17 16:02:15,192.168.1.162,No SNMP response received before timeout,
2026-04-17 16:02:15,192.168.1.163,No SNMP response received before timeout,
2026-04-17 16:02:15,192.168.1.164,No SNMP response received before timeout,
2026-04-17 16:02:15,192.168.1.165,No SNMP response received before timeout,
2026-04-17 16:02:15,192.168.1.166,No SNMP response received before timeout,
2026-04-17 16:02:15,192.168.1.167,No SNMP response received before timeout,
2026-04-17 16:02:15,192.168.1.168,No SNMP response received before timeout,
2026-04-17 16:02:15,192.168.1.169,No SNMP response received before timeout,
2026-04-17 16:02:15,192.168.1.170,No SNMP response received before timeout,
2026-04-17 16:02:15,192.168.1.171,No SNMP response received before timeout,
2026-04-17 16:02:15,192.168.1.172,No SNMP response received before timeout,
2026-04-17 16:02:15,192.168.1.173,No SNMP response received before timeout,
2026-04-17 16:02:15,192.168.1.174,No SNMP response received before timeout,
2026-04-17 16:02:15,192.168.1.175,No SNMP response received before timeout,
2026-04-17 16:02:15,192.168.1.176,No SNMP response received before timeout,
2026-04-17 16:02:15,192.168.1.177,No SNMP response received before timeout,
2026-04-17 16:02:15,192.168.1.178,No SNMP response received before timeout,
2026-04-17 16:02:15,192.168.1.179,No SNMP response received before timeout,
2026-04-17 16:02:15,192.168.1.180,No SNMP response received before timeout,
2026-04-17 16:02:15,192.168.1.181,No SNMP response received before timeout,
2026-04-17 16:02:15,192.168.1.182,No SNMP response received before timeout,
2026-04-17 16:02:15,192.168.1.183,No SNMP response received before timeout,
2026-04-17 16:02:15,192.168.1.184,No SNMP response received before timeout,
2026-04-17 16:02:15,192.168.1.185,No SNMP response received before timeout,
2026-04-17 16:02:15,192.168.1.186,No SNMP response received before timeout,
2026-04-17 16:02:15,192.168.1.187,No SNMP response received before timeout,
2026-04-17 16:02:15,192.168.1.188,No SNMP response received before timeout,
2026-04-17 16:02:15,192.168.1.189,No SNMP response received before timeout,
2026-04-17 16:02:15,192.168.1.190,No SNMP response received before timeout,
2026-04-17 16:02:15,192.168.1.191,No SNMP response received before timeout,
2026-04-17 16:02:15,192.168.1.192,No SNMP response received before timeout,
2026-04-17 16:02:15,192.168.1.193,No SNMP response received before timeout,
2026-04-17 16:02:15,192.168.1.194,No SNMP response received before timeout,
2026-04-17 16:02:15,192.168.1.195,No SNMP response received before timeout,
2026-04-17 16:02:15,192.168.1.196,No SNMP response received before timeout,
2026-04-17 16:02:15,192.168.1.197,No SNMP response received before timeout,
2026-04-17 16:02:15,192.168.1.198,No SNMP response received before timeout,
2026-04-17 16:02:15,192.168.1.199,No SNMP response received before timeout,
2026-04-17 16:02:15,192.168.1.200,No SNMP response received before timeout,
2026-04-17 16:02:15,192.168.1.201,No SNMP response received before timeout,
2026-04-17 16:02:15,192.168.1.202,No SNMP response received before timeout,
2026-04-17 16:02:15,192.168.1.203,No SNMP response received before timeout,
2026-04-17 16:02:15,192.168.1.204,No SNMP response received before timeout,
2026-04-17 16:02:15,192.168.1.205,No SNMP response received before timeout,
2026-04-17 16:02:15,192.168.1.206,No SNMP response received before timeout,
2026-04-17 16:02:15,192.168.1.207,No SNMP response received before timeout,
2026-04-17 16:02:15,192.168.1.208,No SNMP response received before timeout,
2026-04-17 16:02:15,192.168.1.209,No SNMP response received before timeout,
2026-04-17 16:02:15,192.168.1.210,No SNMP response received before timeout,
2026-04-17 16:02:15,192.168.1.211,No SNMP response received before timeout,
2026-04-17 16:02:15,192.168.1.212,noSuchName,
2026-04-17 16:02:15,192.168.1.213,No SNMP response received before timeout,
2026-04-17 16:02:15,192.168.1.214,No SNMP response received before timeout,
2026-04-17 16:02:15,192.168.1.215,No SNMP response received before timeout,
2026-04-17 16:02:15,192.168.1.216,No SNMP response received before timeout,
2026-04-17 16:02:15,192.168.1.217,No SNMP response received before timeout,
2026-04-17 16:02:15,192.168.1.218,No SNMP response received before timeout,
2026-04-17 16:02:15,192.168.1.219,No SNMP response received before timeout,
2026-04-17 16:02:15,192.168.1.220,No SNMP response received before timeout,
2026-04-17 16:02:15,192.168.1.221,No SNMP response received before timeout,
2026-04-17 16:02:15,192.168.1.222,No SNMP response received before timeout,
2026-04-17 16:02:15,192.168.1.223,No SNMP response received before timeout,
2026-04-17 16:02:15,192.168.1.224,No SNMP response received before timeout,
2026-04-17 16:02:15,192.168.1.225,No SNMP response received before timeout,
2026-04-17 16:02:15,192.168.1.226,No SNMP response received before timeout,
2026-04-17 16:02:15,192.168.1.227,No SNMP response received before timeout,
2026-04-17 16:02:15,192.168.1.228,No SNMP response received before timeout,
2026-04-17 16:02:15,192.168.1.229,No SNMP response received before timeout,
2026-04-17 16:02:15,192.168.1.230,No SNMP response received before timeout,
2026-04-17 16:02:15,192.168.1.231,No SNMP response received before timeout,
2026-04-17 16:02:15,192.168.1.232,No SNMP response received before timeout,
2026-04-17 16:02:15,192.168.1.233,No SNMP response received before timeout,
2026-04-17 16:02:15,192.168.1.234,No SNMP response received before timeout,
2026-04-17 16:02:15,192.168.1.235,No SNMP response received before timeout,
2026-04-17 16:02:15,192.168.1.236,No SNMP response received before timeout,
2026-04-17 16:02:15,192.168.1.237,No SNMP response received before timeout,
2026-04-17 16:02:15,192.168.1.238,No SNMP response received before timeout,
2026-04-17 16:02:15,192.168.1.239,No SNMP response received before timeout,
2026-04-17 16:02:15,192.168.1.240,No SNMP response received before timeout,
2026-04-17 16:02:15,192.168.1.241,No SNMP response received before timeout,
2026-04-17 16:02:15,192.168.1.242,No SNMP response received before timeout,
2026-04-17 16:02:15,192.168.1.243,No SNMP response received before timeout,
2026-04-17 16:02:15,192.168.1.244,No SNMP response received before timeout,
2026-04-17 16:02:15,192.168.1.245,No SNMP response received before timeout,
2026-04-17 16:02:15,192.168.1.246,No SNMP response received before timeout,
2026-04-17 16:02:15,192.168.1.247,No SNMP response received before timeout,
2026-04-17 16:02:15,192.168.1.248,No SNMP response received before timeout,
2026-04-17 16:02:15,192.168.1.249,No SNMP response received before timeout,
2026-04-17 16:02:15,192.168.1.250,No SNMP response received before timeout,
2026-04-17 16:03:26,192.168.1.150,noSuchName,
2026-04-17 16:03:26,192.168.1.37,noSuchName,
2026-04-17 16:03:26,192.168.1.75,noSuchName,
2026-04-17 16:03:26,192.168.1.212,noSuchName,
2026-04-17 16:03:36,192.168.1.150,noSuchName,
2026-04-17 16:03:36,192.168.1.37,noSuchName,
2026-04-17 16:03:36,192.168.1.75,noSuchName,
2026-04-17 16:03:36,192.168.1.212,noSuchName,
2026-04-17 16:03:56,192.168.1.75,noSuchName,
2026-04-17 16:04:15,192.168.1.150,noSuchName,
2026-04-17 16:04:15,192.168.1.37,noSuchName,
2026-04-17 16:04:15,192.168.1.75,noSuchName,
2026-04-17 16:04:15,192.168.1.212,noSuchName,
2026-04-17 16:04:18,192.168.1.150,noSuchName,
2026-04-17 16:04:18,192.168.1.37,noSuchName,
2026-04-17 16:04:18,192.168.1.75,noSuchName,
2026-04-17 16:04:18,192.168.1.212,noSuchName,
2026-04-17 16:04:38,192.168.1.150,noSuchName,
2026-04-17 16:04:38,192.168.1.37,noSuchName,
2026-04-17 16:04:38,192.168.1.75,noSuchName,
2026-04-17 16:04:38,192.168.1.212,noSuchName,
2026-04-17 16:05:04,192.168.1.37,noSuchName,
2026-04-17 16:05:27,192.168.1.150,noSuchName,
2026-04-17 16:05:27,192.168.1.37,noSuchName,
2026-04-17 16:05:27,192.168.1.75,noSuchName,
2026-04-17 16:05:27,192.168.1.212,noSuchName,
2026-04-17 16:08:01,192.168.1.150,0,
2026-04-17 16:08:01,192.168.1.37,OK,278931
2026-04-17 16:08:01,192.168.1.75,OK,5913315
2026-04-17 16:08:01,192.168.1.212,OK,1697495
2026-04-17 16:08:04,192.168.1.150,0,
2026-04-17 16:08:04,192.168.1.37,OK,278931
2026-04-17 16:08:04,192.168.1.75,OK,5913315
2026-04-17 16:08:04,192.168.1.212,OK,1697495
2026-04-17 16:08:23,192.168.1.150,0,
2026-04-17 16:27:08,192.168.1.150,OK,2460
2026-04-17 16:27:08,192.168.1.37,OK,278931
2026-04-17 16:27:08,192.168.1.75,OK,5913315
2026-04-17 16:27:08,192.168.1.212,OK,1697505
2026-04-17 16:34:06,192.168.1.150,OK,2460
2026-04-17 16:34:06,192.168.1.37,OK,278931
2026-04-17 16:34:06,192.168.1.75,OK,5913315
2026-04-17 16:34:06,192.168.1.212,OK,1697505
2026-04-17 16:49:44,192.168.1.37,OK,278931
2026-04-17 16:49:44,192.168.1.75,OK,5913315
2026-04-17 16:49:44,192.168.1.150,OK,2460
2026-04-17 16:49:44,192.168.1.212,OK,1697507
2026-04-17 16:50:13,192.168.1.1,No SNMP response received before timeout,
2026-04-17 16:50:13,192.168.1.2,No SNMP response received before timeout,
2026-04-17 16:50:13,192.168.1.3,No SNMP response received before timeout,
2026-04-17 16:50:13,192.168.1.4,No SNMP response received before timeout,
2026-04-17 16:50:13,192.168.1.5,No SNMP response received before timeout,
2026-04-17 16:50:13,192.168.1.6,No SNMP response received before timeout,
2026-04-17 16:50:13,192.168.1.7,No SNMP response received before timeout,
2026-04-17 16:50:13,192.168.1.8,No SNMP response received before timeout,
2026-04-17 16:50:13,192.168.1.9,No SNMP response received before timeout,
2026-04-17 16:50:13,192.168.1.10,No SNMP response received before timeout,
2026-04-17 16:50:13,192.168.1.11,No SNMP response received before timeout,
2026-04-17 16:50:13,192.168.1.12,No SNMP response received before timeout,
2026-04-17 16:50:13,192.168.1.13,No SNMP response received before timeout,
2026-04-17 16:50:13,192.168.1.14,No SNMP response received before timeout,
2026-04-17 16:50:13,192.168.1.15,No SNMP response received before timeout,
2026-04-17 16:50:13,192.168.1.16,No SNMP response received before timeout,
2026-04-17 16:50:13,192.168.1.17,No SNMP response received before timeout,
2026-04-17 16:50:13,192.168.1.18,No SNMP response received before timeout,
2026-04-17 16:50:13,192.168.1.19,No SNMP response received before timeout,
2026-04-17 16:50:13,192.168.1.20,No SNMP response received before timeout,
2026-04-17 16:50:28,192.168.1.21,No SNMP response received before timeout,
2026-04-17 16:50:28,192.168.1.22,No SNMP response received before timeout,
2026-04-17 16:50:28,192.168.1.23,No SNMP response received before timeout,
2026-04-17 16:50:28,192.168.1.24,No SNMP response received before timeout,
2026-04-17 16:50:28,192.168.1.25,No SNMP response received before timeout,
2026-04-17 16:50:28,192.168.1.26,No SNMP response received before timeout,
2026-04-17 16:50:28,192.168.1.27,No SNMP response received before timeout,
2026-04-17 16:50:28,192.168.1.28,No SNMP response received before timeout,
2026-04-17 16:50:28,192.168.1.29,No SNMP response received before timeout,
2026-04-17 16:50:28,192.168.1.30,No SNMP response received before timeout,
2026-04-17 16:50:28,192.168.1.31,No SNMP response received before timeout,
2026-04-17 16:50:28,192.168.1.32,No SNMP response received before timeout,
2026-04-17 16:50:28,192.168.1.33,No SNMP response received before timeout,
2026-04-17 16:50:28,192.168.1.34,No SNMP response received before timeout,
2026-04-17 16:50:28,192.168.1.35,No SNMP response received before timeout,
2026-04-17 16:50:28,192.168.1.36,No SNMP response received before timeout,
2026-04-17 16:50:28,192.168.1.37,OK,278931
2026-04-17 16:50:28,192.168.1.38,No SNMP response received before timeout,
2026-04-17 16:50:28,192.168.1.39,No SNMP response received before timeout,
2026-04-17 16:50:28,192.168.1.40,No SNMP response received before timeout,
2026-04-17 16:50:45,192.168.1.41,No SNMP response received before timeout,
2026-04-17 16:50:45,192.168.1.42,No SNMP response received before timeout,
2026-04-17 16:50:45,192.168.1.43,No SNMP response received before timeout,
2026-04-17 16:50:45,192.168.1.44,No SNMP response received before timeout,
2026-04-17 16:50:45,192.168.1.45,No SNMP response received before timeout,
2026-04-17 16:50:45,192.168.1.46,No SNMP response received before timeout,
2026-04-17 16:50:45,192.168.1.47,No SNMP response received before timeout,
2026-04-17 16:50:45,192.168.1.48,No SNMP response received before timeout,
2026-04-17 16:50:45,192.168.1.49,No SNMP response received before timeout,
2026-04-17 16:50:45,192.168.1.50,No SNMP response received before timeout,
2026-04-17 16:50:45,192.168.1.51,No SNMP response received before timeout,
2026-04-17 16:50:45,192.168.1.52,No SNMP response received before timeout,
2026-04-17 16:50:45,192.168.1.53,No SNMP response received before timeout,
2026-04-17 16:50:45,192.168.1.54,No SNMP response received before timeout,
2026-04-17 16:50:45,192.168.1.55,No SNMP response received before timeout,
2026-04-17 16:50:45,192.168.1.56,No SNMP response received before timeout,
2026-04-17 16:50:45,192.168.1.57,No SNMP response received before timeout,
2026-04-17 16:50:45,192.168.1.58,No SNMP response received before timeout,
2026-04-17 16:50:45,192.168.1.59,No SNMP response received before timeout,
2026-04-17 16:50:45,192.168.1.60,No SNMP response received before timeout,
2026-04-17 16:51:00,192.168.1.61,No SNMP response received before timeout,
2026-04-17 16:51:00,192.168.1.62,No SNMP response received before timeout,
2026-04-17 16:51:00,192.168.1.63,No SNMP response received before timeout,
2026-04-17 16:51:00,192.168.1.64,No SNMP response received before timeout,
2026-04-17 16:51:00,192.168.1.65,No SNMP response received before timeout,
2026-04-17 16:51:00,192.168.1.66,No SNMP response received before timeout,
2026-04-17 16:51:00,192.168.1.67,No SNMP response received before timeout,
2026-04-17 16:51:00,192.168.1.68,No SNMP response received before timeout,
2026-04-17 16:51:00,192.168.1.69,No SNMP response received before timeout,
2026-04-17 16:51:00,192.168.1.70,No SNMP response received before timeout,
2026-04-17 16:51:00,192.168.1.71,No SNMP response received before timeout,
2026-04-17 16:51:00,192.168.1.72,No SNMP response received before timeout,
2026-04-17 16:51:00,192.168.1.73,No SNMP response received before timeout,
2026-04-17 16:51:00,192.168.1.74,No SNMP response received before timeout,
2026-04-17 16:51:00,192.168.1.75,OK,5913315
2026-04-17 16:51:00,192.168.1.76,No SNMP response received before timeout,
2026-04-17 16:51:00,192.168.1.77,No SNMP response received before timeout,
2026-04-17 16:51:00,192.168.1.78,No SNMP response received before timeout,
2026-04-17 16:51:00,192.168.1.79,No SNMP response received before timeout,
2026-04-17 16:51:00,192.168.1.80,No SNMP response received before timeout,
2026-04-17 16:51:16,192.168.1.81,No SNMP response received before timeout,
2026-04-17 16:51:16,192.168.1.82,No SNMP response received before timeout,
2026-04-17 16:51:16,192.168.1.83,No SNMP response received before timeout,
2026-04-17 16:51:16,192.168.1.84,No SNMP response received before timeout,
2026-04-17 16:51:16,192.168.1.85,No SNMP response received before timeout,
2026-04-17 16:51:16,192.168.1.86,No SNMP response received before timeout,
2026-04-17 16:51:16,192.168.1.87,No SNMP response received before timeout,
2026-04-17 16:51:16,192.168.1.88,OK,106216
2026-04-17 16:51:16,192.168.1.89,No SNMP response received before timeout,
2026-04-17 16:51:16,192.168.1.90,No SNMP response received before timeout,
2026-04-17 16:51:16,192.168.1.91,No SNMP response received before timeout,
2026-04-17 16:51:16,192.168.1.92,No SNMP response received before timeout,
2026-04-17 16:51:16,192.168.1.93,No SNMP response received before timeout,
2026-04-17 16:51:16,192.168.1.94,No SNMP response received before timeout,
2026-04-17 16:51:16,192.168.1.95,No SNMP response received before timeout,
2026-04-17 16:51:16,192.168.1.96,No SNMP response received before timeout,
2026-04-17 16:51:16,192.168.1.97,No SNMP response received before timeout,
2026-04-17 16:51:16,192.168.1.98,No SNMP response received before timeout,
2026-04-17 16:51:16,192.168.1.99,No SNMP response received before timeout,
2026-04-17 16:51:16,192.168.1.100,No SNMP response received before timeout,
2026-04-17 16:51:32,192.168.1.101,No SNMP response received before timeout,
2026-04-17 16:51:32,192.168.1.102,No SNMP response received before timeout,
2026-04-17 16:51:32,192.168.1.103,No SNMP response received before timeout,
2026-04-17 16:51:32,192.168.1.104,No SNMP response received before timeout,
2026-04-17 16:51:32,192.168.1.105,No SNMP response received before timeout,
2026-04-17 16:51:32,192.168.1.106,No SNMP response received before timeout,
2026-04-17 16:51:32,192.168.1.107,No SNMP response received before timeout,
2026-04-17 16:51:32,192.168.1.108,No SNMP response received before timeout,
2026-04-17 16:51:32,192.168.1.109,No SNMP response received before timeout,
2026-04-17 16:51:32,192.168.1.110,No SNMP response received before timeout,
2026-04-17 16:51:32,192.168.1.111,No SNMP response received before timeout,
2026-04-17 16:51:32,192.168.1.112,No SNMP response received before timeout,
2026-04-17 16:51:32,192.168.1.113,No SNMP response received before timeout,
2026-04-17 16:51:32,192.168.1.114,No SNMP response received before timeout,
2026-04-17 16:51:32,192.168.1.115,No SNMP response received before timeout,
2026-04-17 16:51:32,192.168.1.116,No SNMP response received before timeout,
2026-04-17 16:51:32,192.168.1.117,No SNMP response received before timeout,
2026-04-17 16:51:32,192.168.1.118,No SNMP response received before timeout,
2026-04-17 16:51:32,192.168.1.119,No SNMP response received before timeout,
2026-04-17 16:51:32,192.168.1.120,No SNMP response received before timeout,
2026-04-17 16:51:48,192.168.1.121,No SNMP response received before timeout,
2026-04-17 16:51:48,192.168.1.122,No SNMP response received before timeout,
2026-04-17 16:51:48,192.168.1.123,No SNMP response received before timeout,
2026-04-17 16:51:48,192.168.1.124,No SNMP response received before timeout,
2026-04-17 16:51:48,192.168.1.125,No SNMP response received before timeout,
2026-04-17 16:51:48,192.168.1.126,No SNMP response received before timeout,
2026-04-17 16:51:48,192.168.1.127,No SNMP response received before timeout,
2026-04-17 16:51:48,192.168.1.128,No SNMP response received before timeout,
2026-04-17 16:51:48,192.168.1.129,No SNMP response received before timeout,
2026-04-17 16:51:48,192.168.1.130,No SNMP response received before timeout,
2026-04-17 16:51:48,192.168.1.131,No SNMP response received before timeout,
2026-04-17 16:51:48,192.168.1.132,No SNMP response received before timeout,
2026-04-17 16:51:48,192.168.1.133,No SNMP response received before timeout,
2026-04-17 16:51:48,192.168.1.134,No SNMP response received before timeout,
2026-04-17 16:51:48,192.168.1.135,No SNMP response received before timeout,
2026-04-17 16:51:48,192.168.1.136,No SNMP response received before timeout,
2026-04-17 16:51:48,192.168.1.137,No SNMP response received before timeout,
2026-04-17 16:51:48,192.168.1.138,No SNMP response received before timeout,
2026-04-17 16:51:48,192.168.1.139,No SNMP response received before timeout,
2026-04-17 16:51:48,192.168.1.140,No SNMP response received before timeout,
2026-04-17 16:52:04,192.168.1.141,No SNMP response received before timeout,
2026-04-17 16:52:04,192.168.1.142,No SNMP response received before timeout,
2026-04-17 16:52:04,192.168.1.143,No SNMP response received before timeout,
2026-04-17 16:52:04,192.168.1.144,No SNMP response received before timeout,
2026-04-17 16:52:04,192.168.1.145,No SNMP response received before timeout,
2026-04-17 16:52:04,192.168.1.146,No SNMP response received before timeout,
2026-04-17 16:52:04,192.168.1.147,No SNMP response received before timeout,
2026-04-17 16:52:04,192.168.1.148,No SNMP response received before timeout,
2026-04-17 16:52:04,192.168.1.149,No SNMP response received before timeout,
2026-04-17 16:52:04,192.168.1.150,OK,2460
2026-04-17 16:52:04,192.168.1.151,No SNMP response received before timeout,
2026-04-17 16:52:04,192.168.1.152,No SNMP response received before timeout,
2026-04-17 16:52:04,192.168.1.153,No SNMP response received before timeout,
2026-04-17 16:52:04,192.168.1.154,No SNMP response received before timeout,
2026-04-17 16:52:04,192.168.1.155,No SNMP response received before timeout,
2026-04-17 16:52:04,192.168.1.156,No SNMP response received before timeout,
2026-04-17 16:52:04,192.168.1.157,No SNMP response received before timeout,
2026-04-17 16:52:04,192.168.1.158,No SNMP response received before timeout,
2026-04-17 16:52:04,192.168.1.159,No SNMP response received before timeout,
2026-04-17 16:52:04,192.168.1.160,No SNMP response received before timeout,
2026-04-17 16:52:20,192.168.1.161,No SNMP response received before timeout,
2026-04-17 16:52:20,192.168.1.162,No SNMP response received before timeout,
2026-04-17 16:52:20,192.168.1.163,No SNMP response received before timeout,
2026-04-17 16:52:20,192.168.1.164,No SNMP response received before timeout,
2026-04-17 16:52:20,192.168.1.165,No SNMP response received before timeout,
2026-04-17 16:52:20,192.168.1.166,No SNMP response received before timeout,
2026-04-17 16:52:20,192.168.1.167,No SNMP response received before timeout,
2026-04-17 16:52:20,192.168.1.168,No SNMP response received before timeout,
2026-04-17 16:52:20,192.168.1.169,No SNMP response received before timeout,
2026-04-17 16:52:20,192.168.1.170,No SNMP response received before timeout,
2026-04-17 16:52:20,192.168.1.171,No SNMP response received before timeout,
2026-04-17 16:52:20,192.168.1.172,No SNMP response received before timeout,
2026-04-17 16:52:20,192.168.1.173,No SNMP response received before timeout,
2026-04-17 16:52:20,192.168.1.174,No SNMP response received before timeout,
2026-04-17 16:52:20,192.168.1.175,No SNMP response received before timeout,
2026-04-17 16:52:20,192.168.1.176,No SNMP response received before timeout,
2026-04-17 16:52:20,192.168.1.177,No SNMP response received before timeout,
2026-04-17 16:52:20,192.168.1.178,No SNMP response received before timeout,
2026-04-17 16:52:20,192.168.1.179,No SNMP response received before timeout,
2026-04-17 16:52:20,192.168.1.180,No SNMP response received before timeout,
2026-04-17 16:52:36,192.168.1.181,No SNMP response received before timeout,
2026-04-17 16:52:36,192.168.1.182,No SNMP response received before timeout,
2026-04-17 16:52:36,192.168.1.183,No SNMP response received before timeout,
2026-04-17 16:52:36,192.168.1.184,No SNMP response received before timeout,
2026-04-17 16:52:36,192.168.1.185,No SNMP response received before timeout,
2026-04-17 16:52:36,192.168.1.186,No SNMP response received before timeout,
2026-04-17 16:52:36,192.168.1.187,No SNMP response received before timeout,
2026-04-17 16:52:36,192.168.1.188,No SNMP response received before timeout,
2026-04-17 16:52:36,192.168.1.189,No SNMP response received before timeout,
2026-04-17 16:52:36,192.168.1.190,No SNMP response received before timeout,
2026-04-17 16:52:36,192.168.1.191,No SNMP response received before timeout,
2026-04-17 16:52:36,192.168.1.192,No SNMP response received before timeout,
2026-04-17 16:52:36,192.168.1.193,No SNMP response received before timeout,
2026-04-17 16:52:36,192.168.1.194,No SNMP response received before timeout,
2026-04-17 16:52:36,192.168.1.195,No SNMP response received before timeout,
2026-04-17 16:52:36,192.168.1.196,No SNMP response received before timeout,
2026-04-17 16:52:36,192.168.1.197,No SNMP response received before timeout,
2026-04-17 16:52:36,192.168.1.198,No SNMP response received before timeout,
2026-04-17 16:52:36,192.168.1.199,No SNMP response received before timeout,
2026-04-17 16:52:36,192.168.1.200,No SNMP response received before timeout,
2026-04-17 16:52:51,192.168.1.201,No SNMP response received before timeout,
2026-04-17 16:52:51,192.168.1.202,No SNMP response received before timeout,
2026-04-17 16:52:51,192.168.1.203,No SNMP response received before timeout,
2026-04-17 16:52:51,192.168.1.204,No SNMP response received before timeout,
2026-04-17 16:52:51,192.168.1.205,No SNMP response received before timeout,
2026-04-17 16:52:51,192.168.1.206,No SNMP response received before timeout,
2026-04-17 16:52:51,192.168.1.207,No SNMP response received before timeout,
2026-04-17 16:52:51,192.168.1.208,No SNMP response received before timeout,
2026-04-17 16:52:51,192.168.1.209,No SNMP response received before timeout,
2026-04-17 16:52:51,192.168.1.210,No SNMP response received before timeout,
2026-04-17 16:52:51,192.168.1.211,No SNMP response received before timeout,
2026-04-17 16:52:51,192.168.1.212,OK,1697507
2026-04-17 16:52:51,192.168.1.213,No SNMP response received before timeout,
2026-04-17 16:52:51,192.168.1.214,No SNMP response received before timeout,
2026-04-17 16:52:51,192.168.1.215,No SNMP response received before timeout,
2026-04-17 16:52:51,192.168.1.216,No SNMP response received before timeout,
2026-04-17 16:52:51,192.168.1.217,No SNMP response received before timeout,
2026-04-17 16:52:51,192.168.1.218,No SNMP response received before timeout,
2026-04-17 16:52:51,192.168.1.219,No SNMP response received before timeout,
2026-04-17 16:52:51,192.168.1.220,No SNMP response received before timeout,
2026-04-17 16:53:08,192.168.1.221,No SNMP response received before timeout,
2026-04-17 16:53:08,192.168.1.222,No SNMP response received before timeout,
2026-04-17 16:53:08,192.168.1.223,No SNMP response received before timeout,
2026-04-17 16:53:08,192.168.1.224,No SNMP response received before timeout,
2026-04-17 16:53:08,192.168.1.225,No SNMP response received before timeout,
2026-04-17 16:53:08,192.168.1.226,No SNMP response received before timeout,
2026-04-17 16:53:08,192.168.1.227,No SNMP response received before timeout,
2026-04-17 16:53:08,192.168.1.228,No SNMP response received before timeout,
2026-04-17 16:53:08,192.168.1.229,No SNMP response received before timeout,
2026-04-17 16:53:08,192.168.1.230,No SNMP response received before timeout,
2026-04-17 16:53:08,192.168.1.231,No SNMP response received before timeout,
2026-04-17 16:53:08,192.168.1.232,No SNMP response received before timeout,
2026-04-17 16:53:08,192.168.1.233,No SNMP response received before timeout,
2026-04-17 16:53:08,192.168.1.234,No SNMP response received before timeout,
2026-04-17 16:53:08,192.168.1.235,No SNMP response received before timeout,
2026-04-17 16:53:08,192.168.1.236,No SNMP response received before timeout,
2026-04-17 16:53:08,192.168.1.237,No SNMP response received before timeout,
2026-04-17 16:53:08,192.168.1.238,No SNMP response received before timeout,
2026-04-17 16:53:08,192.168.1.239,No SNMP response received before timeout,
2026-04-17 16:53:08,192.168.1.240,No SNMP response received before timeout,
2026-04-17 16:53:18,192.168.1.241,No SNMP response received before timeout,
2026-04-17 16:53:18,192.168.1.242,No SNMP response received before timeout,
2026-04-17 16:53:18,192.168.1.243,No SNMP response received before timeout,
2026-04-17 16:53:18,192.168.1.244,No SNMP response received before timeout,
2026-04-17 16:53:18,192.168.1.245,No SNMP response received before timeout,
2026-04-17 16:53:18,192.168.1.246,No SNMP response received before timeout,
2026-04-17 16:53:18,192.168.1.247,No SNMP response received before timeout,
2026-04-17 16:53:18,192.168.1.248,No SNMP response received before timeout,
2026-04-17 16:53:18,192.168.1.249,No SNMP response received before timeout,
2026-04-17 16:53:18,192.168.1.250,No SNMP response received before timeout,
